game_id,commence_time,home_team,away_team,name,description,price,bookmaker,last_update,market,point,run_date
115303070d36ce1e366dc4a3091c53cd,2023-10-06T00:15:00Z,Washington Commanders,Chicago Bears,Yes,Brian Robinson Jr.,-120,draftkings,2023-10-03T16:16:39Z,player_anytime_td,,2023-10-03T16:18:46
115303070d36ce1e366dc4a3091c53cd,2023-10-06T00:15:00Z,Washington Commanders,Chicago Bears,Yes,Terry McLaurin,115,draftkings,2023-10-03T16:16:39Z,player_anytime_td,,2023-10-03T16:18:46
115303070d36ce1e366dc4a3091c53cd,2023-10-06T00:15:00Z,Washington Commanders,Chicago Bears,Yes,Justin Fields,150,draftkings,2023-10-03T16:16:39Z,player_anytime_td,,2023-10-03T16:18:46
115303070d36ce1e366dc4a3091c53cd,2023-10-06T00:15:00Z,Washington Commanders,Chicago Bears,Yes,Jahan Dotson,215,draftkings,2023-10-03T16:16:39Z,player_anytime_td,,2023-10-03T16:18:46
115303070d36ce1e366dc4a3091c53cd,2023-10-06T00:15:00Z,Washington Commanders,Chicago Bears,Yes,Antonio Gibson,200,draftkings,2023-10-03T16:16:39Z,player_anytime_td,,2023-10-03T16:18:46
115303070d36ce1e366dc4a3091c53cd,2023-10-06T00:15:00Z,Washington Commanders,Chicago Bears,Yes,D.J. Moore,170,draftkings,2023-10-03T16:16:39Z,player_anytime_td,,2023-10-03T16:18:46
115303070d36ce1e366dc4a3091c53cd,2023-10-06T00:15:00Z,Washington Commanders,Chicago Bears,Yes,Logan Thomas,230,draftkings,2023-10-03T16:16:39Z,player_anytime_td,,2023-10-03T16:18:46
115303070d36ce1e366dc4a3091c53cd,2023-10-06T00:15:00Z,Washington Commanders,Chicago Bears,Yes,Khalil Herbert,210,draftkings,2023-10-03T16:16:39Z,player_anytime_td,,2023-10-03T16:18:46
115303070d36ce1e366dc4a3091c53cd,2023-10-06T00:15:00Z,Washington Commanders,Chicago Bears,Yes,Curtis Samuel,235,draftkings,2023-10-03T16:16:39Z,player_anytime_td,,2023-10-03T16:18:46
115303070d36ce1e366dc4a3091c53cd,2023-10-06T00:15:00Z,Washington Commanders,Chicago Bears,Yes,Sam Howell,340,draftkings,2023-10-03T16:16:39Z,player_anytime_td,,2023-10-03T16:18:46
115303070d36ce1e366dc4a3091c53cd,2023-10-06T00:15:00Z,Washington Commanders,Chicago Bears,Yes,Roschon Johnson,295,draftkings,2023-10-03T16:16:39Z,player_anytime_td,,2023-10-03T16:18:46
115303070d36ce1e366dc4a3091c53cd,2023-10-06T00:15:00Z,Washington Commanders,Chicago Bears,Yes,Cole Kmet,330,draftkings,2023-10-03T16:16:39Z,player_anytime_td,,2023-10-03T16:18:46
115303070d36ce1e366dc4a3091c53cd,2023-10-06T00:15:00Z,Washington Commanders,Chicago Bears,Yes,Dyami Brown,500,draftkings,2023-10-03T16:16:39Z,player_anytime_td,,2023-10-03T16:18:46
115303070d36ce1e366dc4a3091c53cd,2023-10-06T00:15:00Z,Washington Commanders,Chicago Bears,Yes,Darnell Mooney,475,draftkings,2023-10-03T16:16:39Z,player_anytime_td,,2023-10-03T16:18:46
115303070d36ce1e366dc4a3091c53cd,2023-10-06T00:15:00Z,Washington Commanders,Chicago Bears,Yes,John Bates,600,draftkings,2023-10-03T16:16:39Z,player_anytime_td,,2023-10-03T16:18:46
115303070d36ce1e366dc4a3091c53cd,2023-10-06T00:15:00Z,Washington Commanders,Chicago Bears,Yes,Byron Pringle,600,draftkings,2023-10-03T16:16:39Z,player_anytime_td,,2023-10-03T16:18:46
115303070d36ce1e366dc4a3091c53cd,2023-10-06T00:15:00Z,Washington Commanders,Chicago Bears,Yes,Cole Turner,850,draftkings,2023-10-03T16:16:39Z,player_anytime_td,,2023-10-03T16:18:46
115303070d36ce1e366dc4a3091c53cd,2023-10-06T00:15:00Z,Washington Commanders,Chicago Bears,Yes,Jamison Crowder,900,draftkings,2023-10-03T16:16:39Z,player_anytime_td,,2023-10-03T16:18:46
115303070d36ce1e366dc4a3091c53cd,2023-10-06T00:15:00Z,Washington Commanders,Chicago Bears,Yes,Equanimeous St. Brown,800,draftkings,2023-10-03T16:16:39Z,player_anytime_td,,2023-10-03T16:18:46
115303070d36ce1e366dc4a3091c53cd,2023-10-06T00:15:00Z,Washington Commanders,Chicago Bears,Yes,Robert Tonyan,950,draftkings,2023-10-03T16:16:39Z,player_anytime_td,,2023-10-03T16:18:46
115303070d36ce1e366dc4a3091c53cd,2023-10-06T00:15:00Z,Washington Commanders,Chicago Bears,Yes,Khari Blasingame,1100,draftkings,2023-10-03T16:16:39Z,player_anytime_td,,2023-10-03T16:18:46
115303070d36ce1e366dc4a3091c53cd,2023-10-06T00:15:00Z,Washington Commanders,Chicago Bears,Yes,Tyler Scott,1300,draftkings,2023-10-03T16:16:39Z,player_anytime_td,,2023-10-03T16:18:46
115303070d36ce1e366dc4a3091c53cd,2023-10-06T00:15:00Z,Washington Commanders,Chicago Bears,Yes,Trent Taylor,1700,draftkings,2023-10-03T16:16:39Z,player_anytime_td,,2023-10-03T16:18:46
115303070d36ce1e366dc4a3091c53cd,2023-10-06T00:15:00Z,Washington Commanders,Chicago Bears,Yes,Curtis Hodges,2200,draftkings,2023-10-03T16:16:39Z,player_anytime_td,,2023-10-03T16:18:46
115303070d36ce1e366dc4a3091c53cd,2023-10-06T00:15:00Z,Washington Commanders,Chicago Bears,Yes,Marcedes Lewis,2000,draftkings,2023-10-03T16:16:39Z,player_anytime_td,,2023-10-03T16:18:46
115303070d36ce1e366dc4a3091c53cd,2023-10-06T00:15:00Z,Washington Commanders,Chicago Bears,Yes,Mitchell Tinsley,2200,draftkings,2023-10-03T16:16:39Z,player_anytime_td,,2023-10-03T16:18:46
115303070d36ce1e366dc4a3091c53cd,2023-10-06T00:15:00Z,Washington Commanders,Chicago Bears,Yes,D'Onta Foreman,1700,draftkings,2023-10-03T16:16:39Z,player_anytime_td,,2023-10-03T16:18:46
115303070d36ce1e366dc4a3091c53cd,2023-10-06T00:15:00Z,Washington Commanders,Chicago Bears,Yes,Travis Homer,2200,draftkings,2023-10-03T16:16:39Z,player_anytime_td,,2023-10-03T16:18:46
115303070d36ce1e366dc4a3091c53cd,2023-10-06T00:15:00Z,Washington Commanders,Chicago Bears,Yes,Velus Jones Jr.,2800,draftkings,2023-10-03T16:16:39Z,player_anytime_td,,2023-10-03T16:18:46
115303070d36ce1e366dc4a3091c53cd,2023-10-06T00:15:00Z,Washington Commanders,Chicago Bears,Over,Justin Fields,-130,draftkings,2023-10-03T16:16:39Z,player_pass_interceptions,0.5,2023-10-03T16:18:46
115303070d36ce1e366dc4a3091c53cd,2023-10-06T00:15:00Z,Washington Commanders,Chicago Bears,Under,Justin Fields,100,draftkings,2023-10-03T16:16:39Z,player_pass_interceptions,0.5,2023-10-03T16:18:46
115303070d36ce1e366dc4a3091c53cd,2023-10-06T00:15:00Z,Washington Commanders,Chicago Bears,Over,Sam Howell,120,draftkings,2023-10-03T16:16:39Z,player_pass_interceptions,0.5,2023-10-03T16:18:46
115303070d36ce1e366dc4a3091c53cd,2023-10-06T00:15:00Z,Washington Commanders,Chicago Bears,Under,Sam Howell,-150,draftkings,2023-10-03T16:16:39Z,player_pass_interceptions,0.5,2023-10-03T16:18:46
115303070d36ce1e366dc4a3091c53cd,2023-10-06T00:15:00Z,Washington Commanders,Chicago Bears,Over,Justin Fields,195,draftkings,2023-10-03T16:06:37Z,player_pass_tds,1.5,2023-10-03T16:18:46
115303070d36ce1e366dc4a3091c53cd,2023-10-06T00:15:00Z,Washington Commanders,Chicago Bears,Under,Justin Fields,-260,draftkings,2023-10-03T16:06:37Z,player_pass_tds,1.5,2023-10-03T16:18:46
115303070d36ce1e366dc4a3091c53cd,2023-10-06T00:15:00Z,Washington Commanders,Chicago Bears,Over,Sam Howell,105,draftkings,2023-10-03T16:06:37Z,player_pass_tds,1.5,2023-10-03T16:18:46
115303070d36ce1e366dc4a3091c53cd,2023-10-06T00:15:00Z,Washington Commanders,Chicago Bears,Under,Sam Howell,-135,draftkings,2023-10-03T16:06:37Z,player_pass_tds,1.5,2023-10-03T16:18:46
115303070d36ce1e366dc4a3091c53cd,2023-10-06T00:15:00Z,Washington Commanders,Chicago Bears,Over,Justin Fields,-115,draftkings,2023-10-03T16:16:39Z,player_pass_yds,196.5,2023-10-03T16:18:46
115303070d36ce1e366dc4a3091c53cd,2023-10-06T00:15:00Z,Washington Commanders,Chicago Bears,Under,Justin Fields,-115,draftkings,2023-10-03T16:16:39Z,player_pass_yds,196.5,2023-10-03T16:18:46
115303070d36ce1e366dc4a3091c53cd,2023-10-06T00:15:00Z,Washington Commanders,Chicago Bears,Over,Sam Howell,-115,draftkings,2023-10-03T16:16:39Z,player_pass_yds,236.5,2023-10-03T16:18:46
115303070d36ce1e366dc4a3091c53cd,2023-10-06T00:15:00Z,Washington Commanders,Chicago Bears,Under,Sam Howell,-115,draftkings,2023-10-03T16:16:39Z,player_pass_yds,236.5,2023-10-03T16:18:46
115303070d36ce1e366dc4a3091c53cd,2023-10-06T00:15:00Z,Washington Commanders,Chicago Bears,Over,Antonio Gibson,-115,draftkings,2023-10-03T16:16:39Z,player_reception_yds,13.5,2023-10-03T16:18:46
115303070d36ce1e366dc4a3091c53cd,2023-10-06T00:15:00Z,Washington Commanders,Chicago Bears,Under,Antonio Gibson,-115,draftkings,2023-10-03T16:16:39Z,player_reception_yds,13.5,2023-10-03T16:18:46
115303070d36ce1e366dc4a3091c53cd,2023-10-06T00:15:00Z,Washington Commanders,Chicago Bears,Over,Brian Robinson Jr.,-115,draftkings,2023-10-03T16:16:39Z,player_reception_yds,6.5,2023-10-03T16:18:46
115303070d36ce1e366dc4a3091c53cd,2023-10-06T00:15:00Z,Washington Commanders,Chicago Bears,Under,Brian Robinson Jr.,-115,draftkings,2023-10-03T16:16:39Z,player_reception_yds,6.5,2023-10-03T16:18:46
115303070d36ce1e366dc4a3091c53cd,2023-10-06T00:15:00Z,Washington Commanders,Chicago Bears,Over,Cole Kmet,-110,draftkings,2023-10-03T16:16:39Z,player_reception_yds,31.5,2023-10-03T16:18:46
115303070d36ce1e366dc4a3091c53cd,2023-10-06T00:15:00Z,Washington Commanders,Chicago Bears,Under,Cole Kmet,-120,draftkings,2023-10-03T16:16:39Z,player_reception_yds,31.5,2023-10-03T16:18:46
115303070d36ce1e366dc4a3091c53cd,2023-10-06T00:15:00Z,Washington Commanders,Chicago Bears,Over,D.J. Moore,-115,draftkings,2023-10-03T16:16:39Z,player_reception_yds,49.5,2023-10-03T16:18:46
115303070d36ce1e366dc4a3091c53cd,2023-10-06T00:15:00Z,Washington Commanders,Chicago Bears,Under,D.J. Moore,-115,draftkings,2023-10-03T16:16:39Z,player_reception_yds,49.5,2023-10-03T16:18:46
115303070d36ce1e366dc4a3091c53cd,2023-10-06T00:15:00Z,Washington Commanders,Chicago Bears,Over,Darnell Mooney,-115,draftkings,2023-10-03T16:16:39Z,player_reception_yds,32.5,2023-10-03T16:18:46
115303070d36ce1e366dc4a3091c53cd,2023-10-06T00:15:00Z,Washington Commanders,Chicago Bears,Under,Darnell Mooney,-115,draftkings,2023-10-03T16:16:39Z,player_reception_yds,32.5,2023-10-03T16:18:46
115303070d36ce1e366dc4a3091c53cd,2023-10-06T00:15:00Z,Washington Commanders,Chicago Bears,Over,Khalil Herbert,-130,draftkings,2023-10-03T16:16:39Z,player_reception_yds,11.5,2023-10-03T16:18:46
115303070d36ce1e366dc4a3091c53cd,2023-10-06T00:15:00Z,Washington Commanders,Chicago Bears,Under,Khalil Herbert,100,draftkings,2023-10-03T16:16:39Z,player_reception_yds,11.5,2023-10-03T16:18:46
115303070d36ce1e366dc4a3091c53cd,2023-10-06T00:15:00Z,Washington Commanders,Chicago Bears,Over,Terry McLaurin,-115,draftkings,2023-10-03T16:16:39Z,player_reception_yds,61.5,2023-10-03T16:18:46
115303070d36ce1e366dc4a3091c53cd,2023-10-06T00:15:00Z,Washington Commanders,Chicago Bears,Under,Terry McLaurin,-115,draftkings,2023-10-03T16:16:39Z,player_reception_yds,61.5,2023-10-03T16:18:46
115303070d36ce1e366dc4a3091c53cd,2023-10-06T00:15:00Z,Washington Commanders,Chicago Bears,Over,Cole Kmet,130,draftkings,2023-10-03T16:16:39Z,player_receptions,3.5,2023-10-03T16:18:46
115303070d36ce1e366dc4a3091c53cd,2023-10-06T00:15:00Z,Washington Commanders,Chicago Bears,Under,Cole Kmet,-166,draftkings,2023-10-03T16:16:39Z,player_receptions,3.5,2023-10-03T16:18:46
115303070d36ce1e366dc4a3091c53cd,2023-10-06T00:15:00Z,Washington Commanders,Chicago Bears,Over,D.J. Moore,-120,draftkings,2023-10-03T16:16:39Z,player_receptions,3.5,2023-10-03T16:18:46
115303070d36ce1e366dc4a3091c53cd,2023-10-06T00:15:00Z,Washington Commanders,Chicago Bears,Under,D.J. Moore,-110,draftkings,2023-10-03T16:16:39Z,player_receptions,3.5,2023-10-03T16:18:46
115303070d36ce1e366dc4a3091c53cd,2023-10-06T00:15:00Z,Washington Commanders,Chicago Bears,Over,Darnell Mooney,-130,draftkings,2023-10-03T16:16:39Z,player_receptions,2.5,2023-10-03T16:18:46
115303070d36ce1e366dc4a3091c53cd,2023-10-06T00:15:00Z,Washington Commanders,Chicago Bears,Under,Darnell Mooney,100,draftkings,2023-10-03T16:16:39Z,player_receptions,2.5,2023-10-03T16:18:46
115303070d36ce1e366dc4a3091c53cd,2023-10-06T00:15:00Z,Washington Commanders,Chicago Bears,Over,Terry McLaurin,-140,draftkings,2023-10-03T16:16:39Z,player_receptions,4.5,2023-10-03T16:18:46
115303070d36ce1e366dc4a3091c53cd,2023-10-06T00:15:00Z,Washington Commanders,Chicago Bears,Under,Terry McLaurin,110,draftkings,2023-10-03T16:16:39Z,player_receptions,4.5,2023-10-03T16:18:46
115303070d36ce1e366dc4a3091c53cd,2023-10-06T00:15:00Z,Washington Commanders,Chicago Bears,Over,Antonio Gibson,-120,draftkings,2023-10-03T16:16:39Z,player_rush_yds,22.5,2023-10-03T16:18:46
115303070d36ce1e366dc4a3091c53cd,2023-10-06T00:15:00Z,Washington Commanders,Chicago Bears,Under,Antonio Gibson,-110,draftkings,2023-10-03T16:16:39Z,player_rush_yds,22.5,2023-10-03T16:18:46
115303070d36ce1e366dc4a3091c53cd,2023-10-06T00:15:00Z,Washington Commanders,Chicago Bears,Over,Brian Robinson Jr.,-115,draftkings,2023-10-03T16:16:39Z,player_rush_yds,62.5,2023-10-03T16:18:46
115303070d36ce1e366dc4a3091c53cd,2023-10-06T00:15:00Z,Washington Commanders,Chicago Bears,Under,Brian Robinson Jr.,-115,draftkings,2023-10-03T16:16:39Z,player_rush_yds,62.5,2023-10-03T16:18:46
115303070d36ce1e366dc4a3091c53cd,2023-10-06T00:15:00Z,Washington Commanders,Chicago Bears,Over,Justin Fields,-110,draftkings,2023-10-03T16:16:39Z,player_rush_yds,48.5,2023-10-03T16:18:46
115303070d36ce1e366dc4a3091c53cd,2023-10-06T00:15:00Z,Washington Commanders,Chicago Bears,Under,Justin Fields,-120,draftkings,2023-10-03T16:16:39Z,player_rush_yds,48.5,2023-10-03T16:18:46
115303070d36ce1e366dc4a3091c53cd,2023-10-06T00:15:00Z,Washington Commanders,Chicago Bears,Over,Khalil Herbert,-115,draftkings,2023-10-03T16:16:39Z,player_rush_yds,44.5,2023-10-03T16:18:46
115303070d36ce1e366dc4a3091c53cd,2023-10-06T00:15:00Z,Washington Commanders,Chicago Bears,Under,Khalil Herbert,-115,draftkings,2023-10-03T16:16:39Z,player_rush_yds,44.5,2023-10-03T16:18:46
115303070d36ce1e366dc4a3091c53cd,2023-10-06T00:15:00Z,Washington Commanders,Chicago Bears,Over,Sam Howell,-140,draftkings,2023-10-03T16:16:39Z,player_rush_yds,12.5,2023-10-03T16:18:46
115303070d36ce1e366dc4a3091c53cd,2023-10-06T00:15:00Z,Washington Commanders,Chicago Bears,Under,Sam Howell,110,draftkings,2023-10-03T16:16:39Z,player_rush_yds,12.5,2023-10-03T16:18:46
115303070d36ce1e366dc4a3091c53cd,2023-10-06T00:15:00Z,Washington Commanders,Chicago Bears,Yes,Brian Robinson Jr.,102,williamhill_us,2023-10-03T16:16:27Z,player_anytime_td,,2023-10-03T16:18:46
115303070d36ce1e366dc4a3091c53cd,2023-10-06T00:15:00Z,Washington Commanders,Chicago Bears,Yes,Terry McLaurin,145,williamhill_us,2023-10-03T16:16:27Z,player_anytime_td,,2023-10-03T16:18:46
115303070d36ce1e366dc4a3091c53cd,2023-10-06T00:15:00Z,Washington Commanders,Chicago Bears,Yes,Khalil Herbert,160,williamhill_us,2023-10-03T16:16:27Z,player_anytime_td,,2023-10-03T16:18:46
115303070d36ce1e366dc4a3091c53cd,2023-10-06T00:15:00Z,Washington Commanders,Chicago Bears,Yes,Justin Fields,170,williamhill_us,2023-10-03T16:16:27Z,player_anytime_td,,2023-10-03T16:18:46
115303070d36ce1e366dc4a3091c53cd,2023-10-06T00:15:00Z,Washington Commanders,Chicago Bears,Yes,Antonio Gibson,195,williamhill_us,2023-10-03T16:16:27Z,player_anytime_td,,2023-10-03T16:18:46
115303070d36ce1e366dc4a3091c53cd,2023-10-06T00:15:00Z,Washington Commanders,Chicago Bears,Yes,Jahan Dotson,205,williamhill_us,2023-10-03T16:16:27Z,player_anytime_td,,2023-10-03T16:18:46
115303070d36ce1e366dc4a3091c53cd,2023-10-06T00:15:00Z,Washington Commanders,Chicago Bears,Yes,Curtis Samuel,210,williamhill_us,2023-10-03T16:16:27Z,player_anytime_td,,2023-10-03T16:18:46
115303070d36ce1e366dc4a3091c53cd,2023-10-06T00:15:00Z,Washington Commanders,Chicago Bears,Yes,DJ Moore,210,williamhill_us,2023-10-03T16:16:27Z,player_anytime_td,,2023-10-03T16:18:46
115303070d36ce1e366dc4a3091c53cd,2023-10-06T00:15:00Z,Washington Commanders,Chicago Bears,Yes,Logan Thomas,260,williamhill_us,2023-10-03T16:16:27Z,player_anytime_td,,2023-10-03T16:18:46
115303070d36ce1e366dc4a3091c53cd,2023-10-06T00:15:00Z,Washington Commanders,Chicago Bears,Yes,Cole Kmet,260,williamhill_us,2023-10-03T16:16:27Z,player_anytime_td,,2023-10-03T16:18:46
115303070d36ce1e366dc4a3091c53cd,2023-10-06T00:15:00Z,Washington Commanders,Chicago Bears,Yes,Roschon Johnson,300,williamhill_us,2023-10-03T16:16:27Z,player_anytime_td,,2023-10-03T16:18:46
115303070d36ce1e366dc4a3091c53cd,2023-10-06T00:15:00Z,Washington Commanders,Chicago Bears,Yes,Darnell Mooney,305,williamhill_us,2023-10-03T16:16:27Z,player_anytime_td,,2023-10-03T16:18:46
115303070d36ce1e366dc4a3091c53cd,2023-10-06T00:15:00Z,Washington Commanders,Chicago Bears,Yes,Sam Howell,400,williamhill_us,2023-10-03T16:16:27Z,player_anytime_td,,2023-10-03T16:18:46
115303070d36ce1e366dc4a3091c53cd,2023-10-06T00:15:00Z,Washington Commanders,Chicago Bears,Yes,Equanimeous St. Brown,575,williamhill_us,2023-10-03T16:16:27Z,player_anytime_td,,2023-10-03T16:18:46
115303070d36ce1e366dc4a3091c53cd,2023-10-06T00:15:00Z,Washington Commanders,Chicago Bears,Yes,John Bates,625,williamhill_us,2023-10-03T16:16:27Z,player_anytime_td,,2023-10-03T16:18:46
115303070d36ce1e366dc4a3091c53cd,2023-10-06T00:15:00Z,Washington Commanders,Chicago Bears,Yes,Tyler Scott,700,williamhill_us,2023-10-03T16:16:27Z,player_anytime_td,,2023-10-03T16:18:46
115303070d36ce1e366dc4a3091c53cd,2023-10-06T00:15:00Z,Washington Commanders,Chicago Bears,Yes,Robert Tonyan,750,williamhill_us,2023-10-03T16:16:27Z,player_anytime_td,,2023-10-03T16:18:46
115303070d36ce1e366dc4a3091c53cd,2023-10-06T00:15:00Z,Washington Commanders,Chicago Bears,Yes,Cole Turner,900,williamhill_us,2023-10-03T16:16:27Z,player_anytime_td,,2023-10-03T16:18:46
115303070d36ce1e366dc4a3091c53cd,2023-10-06T00:15:00Z,Washington Commanders,Chicago Bears,Yes,Velus Jones Jr.,1300,williamhill_us,2023-10-03T16:16:27Z,player_anytime_td,,2023-10-03T16:18:46
115303070d36ce1e366dc4a3091c53cd,2023-10-06T00:15:00Z,Washington Commanders,Chicago Bears,Yes,Marcedes Lewis,1700,williamhill_us,2023-10-03T16:16:27Z,player_anytime_td,,2023-10-03T16:18:46
115303070d36ce1e366dc4a3091c53cd,2023-10-06T00:15:00Z,Washington Commanders,Chicago Bears,Yes,Travis Homer,2300,williamhill_us,2023-10-03T16:16:27Z,player_anytime_td,,2023-10-03T16:18:46
115303070d36ce1e366dc4a3091c53cd,2023-10-06T00:15:00Z,Washington Commanders,Chicago Bears,Yes,Khari Blasingame,2400,williamhill_us,2023-10-03T16:16:27Z,player_anytime_td,,2023-10-03T16:18:46
115303070d36ce1e366dc4a3091c53cd,2023-10-06T00:15:00Z,Washington Commanders,Chicago Bears,Yes,Trent Taylor,2400,williamhill_us,2023-10-03T16:16:27Z,player_anytime_td,,2023-10-03T16:18:46
115303070d36ce1e366dc4a3091c53cd,2023-10-06T00:15:00Z,Washington Commanders,Chicago Bears,Yes,Emmanuel Forbes Jr.,2400,williamhill_us,2023-10-03T16:16:27Z,player_anytime_td,,2023-10-03T16:18:46
115303070d36ce1e366dc4a3091c53cd,2023-10-06T00:15:00Z,Washington Commanders,Chicago Bears,Yes,Kendall Fuller,2500,williamhill_us,2023-10-03T16:16:27Z,player_anytime_td,,2023-10-03T16:18:46
115303070d36ce1e366dc4a3091c53cd,2023-10-06T00:15:00Z,Washington Commanders,Chicago Bears,Yes,Jamin Davis,2500,williamhill_us,2023-10-03T16:16:27Z,player_anytime_td,,2023-10-03T16:18:46
115303070d36ce1e366dc4a3091c53cd,2023-10-06T00:15:00Z,Washington Commanders,Chicago Bears,Yes,Benjamin St-Juste,2900,williamhill_us,2023-10-03T16:16:27Z,player_anytime_td,,2023-10-03T16:18:46
115303070d36ce1e366dc4a3091c53cd,2023-10-06T00:15:00Z,Washington Commanders,Chicago Bears,Yes,Percy Butler,2900,williamhill_us,2023-10-03T16:16:27Z,player_anytime_td,,2023-10-03T16:18:46
115303070d36ce1e366dc4a3091c53cd,2023-10-06T00:15:00Z,Washington Commanders,Chicago Bears,Yes,Darrick Forrest,3000,williamhill_us,2023-10-03T16:16:27Z,player_anytime_td,,2023-10-03T16:18:46
115303070d36ce1e366dc4a3091c53cd,2023-10-06T00:15:00Z,Washington Commanders,Chicago Bears,Yes,Elijah Hicks,3000,williamhill_us,2023-10-03T16:16:27Z,player_anytime_td,,2023-10-03T16:18:46
115303070d36ce1e366dc4a3091c53cd,2023-10-06T00:15:00Z,Washington Commanders,Chicago Bears,Yes,Terell Smith,3000,williamhill_us,2023-10-03T16:16:27Z,player_anytime_td,,2023-10-03T16:18:46
115303070d36ce1e366dc4a3091c53cd,2023-10-06T00:15:00Z,Washington Commanders,Chicago Bears,Yes,Jaquan Brisker,3000,williamhill_us,2023-10-03T16:16:27Z,player_anytime_td,,2023-10-03T16:18:46
115303070d36ce1e366dc4a3091c53cd,2023-10-06T00:15:00Z,Washington Commanders,Chicago Bears,Yes,Kamren Curl,3000,williamhill_us,2023-10-03T16:16:27Z,player_anytime_td,,2023-10-03T16:18:46
115303070d36ce1e366dc4a3091c53cd,2023-10-06T00:15:00Z,Washington Commanders,Chicago Bears,Yes,Tyrique Stevenson,3500,williamhill_us,2023-10-03T16:16:27Z,player_anytime_td,,2023-10-03T16:18:46
115303070d36ce1e366dc4a3091c53cd,2023-10-06T00:15:00Z,Washington Commanders,Chicago Bears,Yes,T.J. Edwards,3500,williamhill_us,2023-10-03T16:16:27Z,player_anytime_td,,2023-10-03T16:18:46
115303070d36ce1e366dc4a3091c53cd,2023-10-06T00:15:00Z,Washington Commanders,Chicago Bears,Yes,Cody Barton,3500,williamhill_us,2023-10-03T16:16:27Z,player_anytime_td,,2023-10-03T16:18:46
115303070d36ce1e366dc4a3091c53cd,2023-10-06T00:15:00Z,Washington Commanders,Chicago Bears,Yes,Tremaine Edmunds,4000,williamhill_us,2023-10-03T16:16:27Z,player_anytime_td,,2023-10-03T16:18:46
115303070d36ce1e366dc4a3091c53cd,2023-10-06T00:15:00Z,Washington Commanders,Chicago Bears,Yes,Greg Stroman Jr.,4000,williamhill_us,2023-10-03T16:16:27Z,player_anytime_td,,2023-10-03T16:18:46
115303070d36ce1e366dc4a3091c53cd,2023-10-06T00:15:00Z,Washington Commanders,Chicago Bears,Yes,Jack Sanborn,4500,williamhill_us,2023-10-03T16:16:27Z,player_anytime_td,,2023-10-03T16:18:46
115303070d36ce1e366dc4a3091c53cd,2023-10-06T00:15:00Z,Washington Commanders,Chicago Bears,Yes,Jaylon Jones,6500,williamhill_us,2023-10-03T16:16:27Z,player_anytime_td,,2023-10-03T16:18:46
115303070d36ce1e366dc4a3091c53cd,2023-10-06T00:15:00Z,Washington Commanders,Chicago Bears,Yes,Quindell Johnson,6500,williamhill_us,2023-10-03T16:16:27Z,player_anytime_td,,2023-10-03T16:18:46
115303070d36ce1e366dc4a3091c53cd,2023-10-06T00:15:00Z,Washington Commanders,Chicago Bears,Yes,Daron Payne,7000,williamhill_us,2023-10-03T16:16:27Z,player_anytime_td,,2023-10-03T16:18:46
115303070d36ce1e366dc4a3091c53cd,2023-10-06T00:15:00Z,Washington Commanders,Chicago Bears,Yes,Chase Young,7000,williamhill_us,2023-10-03T16:16:27Z,player_anytime_td,,2023-10-03T16:18:46
115303070d36ce1e366dc4a3091c53cd,2023-10-06T00:15:00Z,Washington Commanders,Chicago Bears,Yes,Jartavius Martin,8000,williamhill_us,2023-10-03T16:16:27Z,player_anytime_td,,2023-10-03T16:18:46
115303070d36ce1e366dc4a3091c53cd,2023-10-06T00:15:00Z,Washington Commanders,Chicago Bears,Yes,Jonathan Allen,8000,williamhill_us,2023-10-03T16:16:27Z,player_anytime_td,,2023-10-03T16:18:46
115303070d36ce1e366dc4a3091c53cd,2023-10-06T00:15:00Z,Washington Commanders,Chicago Bears,Yes,James Smith-Williams,9000,williamhill_us,2023-10-03T16:16:27Z,player_anytime_td,,2023-10-03T16:18:46
115303070d36ce1e366dc4a3091c53cd,2023-10-06T00:15:00Z,Washington Commanders,Chicago Bears,Yes,DeMarcus Walker,10000,williamhill_us,2023-10-03T16:16:27Z,player_anytime_td,,2023-10-03T16:18:46
115303070d36ce1e366dc4a3091c53cd,2023-10-06T00:15:00Z,Washington Commanders,Chicago Bears,Yes,Montez Sweat,12500,williamhill_us,2023-10-03T16:16:27Z,player_anytime_td,,2023-10-03T16:18:46
115303070d36ce1e366dc4a3091c53cd,2023-10-06T00:15:00Z,Washington Commanders,Chicago Bears,Yes,Justin Jones,12500,williamhill_us,2023-10-03T16:16:27Z,player_anytime_td,,2023-10-03T16:18:46
115303070d36ce1e366dc4a3091c53cd,2023-10-06T00:15:00Z,Washington Commanders,Chicago Bears,Yes,Yannick Ngakoue,12500,williamhill_us,2023-10-03T16:16:27Z,player_anytime_td,,2023-10-03T16:18:46
115303070d36ce1e366dc4a3091c53cd,2023-10-06T00:15:00Z,Washington Commanders,Chicago Bears,Yes,Khaleke Hudson,15000,williamhill_us,2023-10-03T16:16:27Z,player_anytime_td,,2023-10-03T16:18:46
115303070d36ce1e366dc4a3091c53cd,2023-10-06T00:15:00Z,Washington Commanders,Chicago Bears,Yes,Andrew Billings,15000,williamhill_us,2023-10-03T16:16:27Z,player_anytime_td,,2023-10-03T16:18:46
115303070d36ce1e366dc4a3091c53cd,2023-10-06T00:15:00Z,Washington Commanders,Chicago Bears,Over,Justin Fields,-129,williamhill_us,2023-10-03T16:16:27Z,player_pass_interceptions,0.5,2023-10-03T16:18:46
115303070d36ce1e366dc4a3091c53cd,2023-10-06T00:15:00Z,Washington Commanders,Chicago Bears,Under,Justin Fields,-106,williamhill_us,2023-10-03T16:16:27Z,player_pass_interceptions,0.5,2023-10-03T16:18:46
115303070d36ce1e366dc4a3091c53cd,2023-10-06T00:15:00Z,Washington Commanders,Chicago Bears,Over,Sam Howell,110,williamhill_us,2023-10-03T16:16:27Z,player_pass_interceptions,0.5,2023-10-03T16:18:46
115303070d36ce1e366dc4a3091c53cd,2023-10-06T00:15:00Z,Washington Commanders,Chicago Bears,Under,Sam Howell,-151,williamhill_us,2023-10-03T16:16:27Z,player_pass_interceptions,0.5,2023-10-03T16:18:46
115303070d36ce1e366dc4a3091c53cd,2023-10-06T00:15:00Z,Washington Commanders,Chicago Bears,Over,Justin Fields,178,williamhill_us,2023-10-03T16:16:27Z,player_pass_tds,1.5,2023-10-03T16:18:46
115303070d36ce1e366dc4a3091c53cd,2023-10-06T00:15:00Z,Washington Commanders,Chicago Bears,Under,Justin Fields,-254,williamhill_us,2023-10-03T16:16:27Z,player_pass_tds,1.5,2023-10-03T16:18:46
115303070d36ce1e366dc4a3091c53cd,2023-10-06T00:15:00Z,Washington Commanders,Chicago Bears,Over,Sam Howell,104,williamhill_us,2023-10-03T16:16:27Z,player_pass_tds,1.5,2023-10-03T16:18:46
115303070d36ce1e366dc4a3091c53cd,2023-10-06T00:15:00Z,Washington Commanders,Chicago Bears,Under,Sam Howell,-142,williamhill_us,2023-10-03T16:16:27Z,player_pass_tds,1.5,2023-10-03T16:18:46
115303070d36ce1e366dc4a3091c53cd,2023-10-06T00:15:00Z,Washington Commanders,Chicago Bears,Over,Sam Howell,-117,williamhill_us,2023-10-03T16:16:27Z,player_pass_yds,236.5,2023-10-03T16:18:46
115303070d36ce1e366dc4a3091c53cd,2023-10-06T00:15:00Z,Washington Commanders,Chicago Bears,Under,Sam Howell,-117,williamhill_us,2023-10-03T16:16:27Z,player_pass_yds,236.5,2023-10-03T16:18:46
115303070d36ce1e366dc4a3091c53cd,2023-10-06T00:15:00Z,Washington Commanders,Chicago Bears,Over,Justin Fields,-119,williamhill_us,2023-10-03T16:16:27Z,player_pass_yds,196.5,2023-10-03T16:18:46
115303070d36ce1e366dc4a3091c53cd,2023-10-06T00:15:00Z,Washington Commanders,Chicago Bears,Under,Justin Fields,-115,williamhill_us,2023-10-03T16:16:27Z,player_pass_yds,196.5,2023-10-03T16:18:46
115303070d36ce1e366dc4a3091c53cd,2023-10-06T00:15:00Z,Washington Commanders,Chicago Bears,Over,Darnell Mooney,-119,williamhill_us,2023-10-03T16:16:27Z,player_reception_yds,32.5,2023-10-03T16:18:46
115303070d36ce1e366dc4a3091c53cd,2023-10-06T00:15:00Z,Washington Commanders,Chicago Bears,Under,Darnell Mooney,-115,williamhill_us,2023-10-03T16:16:27Z,player_reception_yds,32.5,2023-10-03T16:18:46
115303070d36ce1e366dc4a3091c53cd,2023-10-06T00:15:00Z,Washington Commanders,Chicago Bears,Over,DJ Moore,-127,williamhill_us,2023-10-03T16:16:27Z,player_reception_yds,49.5,2023-10-03T16:18:46
115303070d36ce1e366dc4a3091c53cd,2023-10-06T00:15:00Z,Washington Commanders,Chicago Bears,Under,DJ Moore,-108,williamhill_us,2023-10-03T16:16:27Z,player_reception_yds,49.5,2023-10-03T16:18:46
115303070d36ce1e366dc4a3091c53cd,2023-10-06T00:15:00Z,Washington Commanders,Chicago Bears,Over,Khalil Herbert,-123,williamhill_us,2023-10-03T16:16:27Z,player_reception_yds,11.5,2023-10-03T16:18:46
115303070d36ce1e366dc4a3091c53cd,2023-10-06T00:15:00Z,Washington Commanders,Chicago Bears,Under,Khalil Herbert,-111,williamhill_us,2023-10-03T16:16:27Z,player_reception_yds,11.5,2023-10-03T16:18:46
115303070d36ce1e366dc4a3091c53cd,2023-10-06T00:15:00Z,Washington Commanders,Chicago Bears,Over,Terry McLaurin,-115,williamhill_us,2023-10-03T16:16:27Z,player_reception_yds,61.5,2023-10-03T16:18:46
115303070d36ce1e366dc4a3091c53cd,2023-10-06T00:15:00Z,Washington Commanders,Chicago Bears,Under,Terry McLaurin,-119,williamhill_us,2023-10-03T16:16:27Z,player_reception_yds,61.5,2023-10-03T16:18:46
115303070d36ce1e366dc4a3091c53cd,2023-10-06T00:15:00Z,Washington Commanders,Chicago Bears,Over,Antonio Gibson,-113,williamhill_us,2023-10-03T16:16:27Z,player_reception_yds,13.5,2023-10-03T16:18:46
115303070d36ce1e366dc4a3091c53cd,2023-10-06T00:15:00Z,Washington Commanders,Chicago Bears,Under,Antonio Gibson,-121,williamhill_us,2023-10-03T16:16:27Z,player_reception_yds,13.5,2023-10-03T16:18:46
115303070d36ce1e366dc4a3091c53cd,2023-10-06T00:15:00Z,Washington Commanders,Chicago Bears,Over,Cole Kmet,-119,williamhill_us,2023-10-03T16:16:27Z,player_reception_yds,31.5,2023-10-03T16:18:46
115303070d36ce1e366dc4a3091c53cd,2023-10-06T00:15:00Z,Washington Commanders,Chicago Bears,Under,Cole Kmet,-115,williamhill_us,2023-10-03T16:16:27Z,player_reception_yds,31.5,2023-10-03T16:18:46
115303070d36ce1e366dc4a3091c53cd,2023-10-06T00:15:00Z,Washington Commanders,Chicago Bears,Over,Terry McLaurin,-142,williamhill_us,2023-10-03T16:16:27Z,player_receptions,4.5,2023-10-03T16:18:46
115303070d36ce1e366dc4a3091c53cd,2023-10-06T00:15:00Z,Washington Commanders,Chicago Bears,Under,Terry McLaurin,104,williamhill_us,2023-10-03T16:16:27Z,player_receptions,4.5,2023-10-03T16:18:46
115303070d36ce1e366dc4a3091c53cd,2023-10-06T00:15:00Z,Washington Commanders,Chicago Bears,Over,Darnell Mooney,-129,williamhill_us,2023-10-03T16:16:27Z,player_receptions,2.5,2023-10-03T16:18:46
115303070d36ce1e366dc4a3091c53cd,2023-10-06T00:15:00Z,Washington Commanders,Chicago Bears,Under,Darnell Mooney,-106,williamhill_us,2023-10-03T16:16:27Z,player_receptions,2.5,2023-10-03T16:18:46
115303070d36ce1e366dc4a3091c53cd,2023-10-06T00:15:00Z,Washington Commanders,Chicago Bears,Over,Cole Kmet,118,williamhill_us,2023-10-03T16:16:27Z,player_receptions,3.5,2023-10-03T16:18:46
115303070d36ce1e366dc4a3091c53cd,2023-10-06T00:15:00Z,Washington Commanders,Chicago Bears,Under,Cole Kmet,-163,williamhill_us,2023-10-03T16:16:27Z,player_receptions,3.5,2023-10-03T16:18:46
115303070d36ce1e366dc4a3091c53cd,2023-10-06T00:15:00Z,Washington Commanders,Chicago Bears,Over,DJ Moore,-131,williamhill_us,2023-10-03T16:16:27Z,player_receptions,3.5,2023-10-03T16:18:46
115303070d36ce1e366dc4a3091c53cd,2023-10-06T00:15:00Z,Washington Commanders,Chicago Bears,Under,DJ Moore,-104,williamhill_us,2023-10-03T16:16:27Z,player_receptions,3.5,2023-10-03T16:18:46
115303070d36ce1e366dc4a3091c53cd,2023-10-06T00:15:00Z,Washington Commanders,Chicago Bears,Over,Khalil Herbert,-129,williamhill_us,2023-10-03T16:16:27Z,player_rush_yds,44.5,2023-10-03T16:18:46
115303070d36ce1e366dc4a3091c53cd,2023-10-06T00:15:00Z,Washington Commanders,Chicago Bears,Under,Khalil Herbert,-106,williamhill_us,2023-10-03T16:16:27Z,player_rush_yds,44.5,2023-10-03T16:18:46
115303070d36ce1e366dc4a3091c53cd,2023-10-06T00:15:00Z,Washington Commanders,Chicago Bears,Over,Justin Fields,-129,williamhill_us,2023-10-03T16:16:27Z,player_rush_yds,48.5,2023-10-03T16:18:46
115303070d36ce1e366dc4a3091c53cd,2023-10-06T00:15:00Z,Washington Commanders,Chicago Bears,Under,Justin Fields,-106,williamhill_us,2023-10-03T16:16:27Z,player_rush_yds,48.5,2023-10-03T16:18:46
115303070d36ce1e366dc4a3091c53cd,2023-10-06T00:15:00Z,Washington Commanders,Chicago Bears,Over,Sam Howell,-145,williamhill_us,2023-10-03T16:16:27Z,player_rush_yds,12.5,2023-10-03T16:18:46
115303070d36ce1e366dc4a3091c53cd,2023-10-06T00:15:00Z,Washington Commanders,Chicago Bears,Under,Sam Howell,106,williamhill_us,2023-10-03T16:16:27Z,player_rush_yds,12.5,2023-10-03T16:18:46
115303070d36ce1e366dc4a3091c53cd,2023-10-06T00:15:00Z,Washington Commanders,Chicago Bears,Over,Brian Robinson Jr.,-123,williamhill_us,2023-10-03T16:16:27Z,player_rush_yds,62.5,2023-10-03T16:18:46
115303070d36ce1e366dc4a3091c53cd,2023-10-06T00:15:00Z,Washington Commanders,Chicago Bears,Under,Brian Robinson Jr.,-111,williamhill_us,2023-10-03T16:16:27Z,player_rush_yds,62.5,2023-10-03T16:18:46
115303070d36ce1e366dc4a3091c53cd,2023-10-06T00:15:00Z,Washington Commanders,Chicago Bears,Over,Antonio Gibson,-119,williamhill_us,2023-10-03T16:16:27Z,player_rush_yds,22.5,2023-10-03T16:18:46
115303070d36ce1e366dc4a3091c53cd,2023-10-06T00:15:00Z,Washington Commanders,Chicago Bears,Under,Antonio Gibson,-115,williamhill_us,2023-10-03T16:16:27Z,player_rush_yds,22.5,2023-10-03T16:18:46
115303070d36ce1e366dc4a3091c53cd,2023-10-06T00:15:00Z,Washington Commanders,Chicago Bears,Over,Justin Fields,-130,bovada,2023-10-03T16:15:19Z,player_pass_interceptions,0.5,2023-10-03T16:18:46
115303070d36ce1e366dc4a3091c53cd,2023-10-06T00:15:00Z,Washington Commanders,Chicago Bears,Under,Justin Fields,100,bovada,2023-10-03T16:15:19Z,player_pass_interceptions,0.5,2023-10-03T16:18:46
115303070d36ce1e366dc4a3091c53cd,2023-10-06T00:15:00Z,Washington Commanders,Chicago Bears,Over,Sam Howell,115,bovada,2023-10-03T16:15:19Z,player_pass_interceptions,0.5,2023-10-03T16:18:46
115303070d36ce1e366dc4a3091c53cd,2023-10-06T00:15:00Z,Washington Commanders,Chicago Bears,Under,Sam Howell,-150,bovada,2023-10-03T16:15:19Z,player_pass_interceptions,0.5,2023-10-03T16:18:46
115303070d36ce1e366dc4a3091c53cd,2023-10-06T00:15:00Z,Washington Commanders,Chicago Bears,Over,Justin Fields,210,bovada,2023-10-03T16:15:19Z,player_pass_tds,1.5,2023-10-03T16:18:46
115303070d36ce1e366dc4a3091c53cd,2023-10-06T00:15:00Z,Washington Commanders,Chicago Bears,Under,Justin Fields,-290,bovada,2023-10-03T16:15:19Z,player_pass_tds,1.5,2023-10-03T16:18:46
115303070d36ce1e366dc4a3091c53cd,2023-10-06T00:15:00Z,Washington Commanders,Chicago Bears,Over,Sam Howell,-110,bovada,2023-10-03T16:15:19Z,player_pass_tds,1.5,2023-10-03T16:18:46
115303070d36ce1e366dc4a3091c53cd,2023-10-06T00:15:00Z,Washington Commanders,Chicago Bears,Under,Sam Howell,-120,bovada,2023-10-03T16:15:19Z,player_pass_tds,1.5,2023-10-03T16:18:46
115303070d36ce1e366dc4a3091c53cd,2023-10-06T00:15:00Z,Washington Commanders,Chicago Bears,Over,Justin Fields,-135,bovada,2023-10-03T16:15:19Z,player_pass_yds,196.5,2023-10-03T16:18:46
115303070d36ce1e366dc4a3091c53cd,2023-10-06T00:15:00Z,Washington Commanders,Chicago Bears,Under,Justin Fields,105,bovada,2023-10-03T16:15:19Z,player_pass_yds,196.5,2023-10-03T16:18:46
115303070d36ce1e366dc4a3091c53cd,2023-10-06T00:15:00Z,Washington Commanders,Chicago Bears,Over,Sam Howell,-115,bovada,2023-10-03T16:15:19Z,player_pass_yds,236.5,2023-10-03T16:18:46
115303070d36ce1e366dc4a3091c53cd,2023-10-06T00:15:00Z,Washington Commanders,Chicago Bears,Under,Sam Howell,-115,bovada,2023-10-03T16:15:19Z,player_pass_yds,236.5,2023-10-03T16:18:46
115303070d36ce1e366dc4a3091c53cd,2023-10-06T00:15:00Z,Washington Commanders,Chicago Bears,Over,Antonio Gibson,-115,bovada,2023-10-03T16:15:19Z,player_reception_yds,13.5,2023-10-03T16:18:46
115303070d36ce1e366dc4a3091c53cd,2023-10-06T00:15:00Z,Washington Commanders,Chicago Bears,Under,Antonio Gibson,-115,bovada,2023-10-03T16:15:19Z,player_reception_yds,13.5,2023-10-03T16:18:46
115303070d36ce1e366dc4a3091c53cd,2023-10-06T00:15:00Z,Washington Commanders,Chicago Bears,Over,Brian Robinson Jr.,-115,bovada,2023-10-03T16:15:19Z,player_reception_yds,6.5,2023-10-03T16:18:46
115303070d36ce1e366dc4a3091c53cd,2023-10-06T00:15:00Z,Washington Commanders,Chicago Bears,Under,Brian Robinson Jr.,-115,bovada,2023-10-03T16:15:19Z,player_reception_yds,6.5,2023-10-03T16:18:46
115303070d36ce1e366dc4a3091c53cd,2023-10-06T00:15:00Z,Washington Commanders,Chicago Bears,Over,Cole Kmet,-115,bovada,2023-10-03T16:15:19Z,player_reception_yds,31.5,2023-10-03T16:18:46
115303070d36ce1e366dc4a3091c53cd,2023-10-06T00:15:00Z,Washington Commanders,Chicago Bears,Under,Cole Kmet,-115,bovada,2023-10-03T16:15:19Z,player_reception_yds,31.5,2023-10-03T16:18:46
115303070d36ce1e366dc4a3091c53cd,2023-10-06T00:15:00Z,Washington Commanders,Chicago Bears,Over,Darnell Mooney,-115,bovada,2023-10-03T16:15:19Z,player_reception_yds,32.5,2023-10-03T16:18:46
115303070d36ce1e366dc4a3091c53cd,2023-10-06T00:15:00Z,Washington Commanders,Chicago Bears,Under,Darnell Mooney,-115,bovada,2023-10-03T16:15:19Z,player_reception_yds,32.5,2023-10-03T16:18:46
115303070d36ce1e366dc4a3091c53cd,2023-10-06T00:15:00Z,Washington Commanders,Chicago Bears,Over,DJ Moore,-115,bovada,2023-10-03T16:15:19Z,player_reception_yds,49.5,2023-10-03T16:18:46
115303070d36ce1e366dc4a3091c53cd,2023-10-06T00:15:00Z,Washington Commanders,Chicago Bears,Under,DJ Moore,-115,bovada,2023-10-03T16:15:19Z,player_reception_yds,49.5,2023-10-03T16:18:46
115303070d36ce1e366dc4a3091c53cd,2023-10-06T00:15:00Z,Washington Commanders,Chicago Bears,Over,Khalil Herbert,-150,bovada,2023-10-03T16:15:19Z,player_reception_yds,11.5,2023-10-03T16:18:46
115303070d36ce1e366dc4a3091c53cd,2023-10-06T00:15:00Z,Washington Commanders,Chicago Bears,Under,Khalil Herbert,115,bovada,2023-10-03T16:15:19Z,player_reception_yds,11.5,2023-10-03T16:18:46
115303070d36ce1e366dc4a3091c53cd,2023-10-06T00:15:00Z,Washington Commanders,Chicago Bears,Over,Terry McLaurin,-120,bovada,2023-10-03T16:15:19Z,player_reception_yds,61.5,2023-10-03T16:18:46
115303070d36ce1e366dc4a3091c53cd,2023-10-06T00:15:00Z,Washington Commanders,Chicago Bears,Under,Terry McLaurin,-110,bovada,2023-10-03T16:15:19Z,player_reception_yds,61.5,2023-10-03T16:18:46
115303070d36ce1e366dc4a3091c53cd,2023-10-06T00:15:00Z,Washington Commanders,Chicago Bears,Over,Cole Kmet,130,bovada,2023-10-03T16:15:19Z,player_receptions,3.5,2023-10-03T16:18:46
115303070d36ce1e366dc4a3091c53cd,2023-10-06T00:15:00Z,Washington Commanders,Chicago Bears,Under,Cole Kmet,-170,bovada,2023-10-03T16:15:19Z,player_receptions,3.5,2023-10-03T16:18:46
115303070d36ce1e366dc4a3091c53cd,2023-10-06T00:15:00Z,Washington Commanders,Chicago Bears,Over,Darnell Mooney,-130,bovada,2023-10-03T16:15:19Z,player_receptions,2.5,2023-10-03T16:18:46
115303070d36ce1e366dc4a3091c53cd,2023-10-06T00:15:00Z,Washington Commanders,Chicago Bears,Under,Darnell Mooney,100,bovada,2023-10-03T16:15:19Z,player_receptions,2.5,2023-10-03T16:18:46
115303070d36ce1e366dc4a3091c53cd,2023-10-06T00:15:00Z,Washington Commanders,Chicago Bears,Over,DJ Moore,-120,bovada,2023-10-03T16:15:19Z,player_receptions,3.5,2023-10-03T16:18:46
115303070d36ce1e366dc4a3091c53cd,2023-10-06T00:15:00Z,Washington Commanders,Chicago Bears,Under,DJ Moore,-110,bovada,2023-10-03T16:15:19Z,player_receptions,3.5,2023-10-03T16:18:46
115303070d36ce1e366dc4a3091c53cd,2023-10-06T00:15:00Z,Washington Commanders,Chicago Bears,Over,Terry McLaurin,-145,bovada,2023-10-03T16:15:19Z,player_receptions,4.5,2023-10-03T16:18:46
115303070d36ce1e366dc4a3091c53cd,2023-10-06T00:15:00Z,Washington Commanders,Chicago Bears,Under,Terry McLaurin,110,bovada,2023-10-03T16:15:19Z,player_receptions,4.5,2023-10-03T16:18:46
115303070d36ce1e366dc4a3091c53cd,2023-10-06T00:15:00Z,Washington Commanders,Chicago Bears,Over,Antonio Gibson,-115,bovada,2023-10-03T16:15:19Z,player_rush_yds,22.5,2023-10-03T16:18:46
115303070d36ce1e366dc4a3091c53cd,2023-10-06T00:15:00Z,Washington Commanders,Chicago Bears,Under,Antonio Gibson,-115,bovada,2023-10-03T16:15:19Z,player_rush_yds,22.5,2023-10-03T16:18:46
115303070d36ce1e366dc4a3091c53cd,2023-10-06T00:15:00Z,Washington Commanders,Chicago Bears,Over,Brian Robinson Jr.,-120,bovada,2023-10-03T16:15:19Z,player_rush_yds,62.5,2023-10-03T16:18:46
115303070d36ce1e366dc4a3091c53cd,2023-10-06T00:15:00Z,Washington Commanders,Chicago Bears,Under,Brian Robinson Jr.,-110,bovada,2023-10-03T16:15:19Z,player_rush_yds,62.5,2023-10-03T16:18:46
115303070d36ce1e366dc4a3091c53cd,2023-10-06T00:15:00Z,Washington Commanders,Chicago Bears,Over,Justin Fields,-110,bovada,2023-10-03T16:15:19Z,player_rush_yds,48.5,2023-10-03T16:18:46
115303070d36ce1e366dc4a3091c53cd,2023-10-06T00:15:00Z,Washington Commanders,Chicago Bears,Under,Justin Fields,-120,bovada,2023-10-03T16:15:19Z,player_rush_yds,48.5,2023-10-03T16:18:46
115303070d36ce1e366dc4a3091c53cd,2023-10-06T00:15:00Z,Washington Commanders,Chicago Bears,Over,Khalil Herbert,-115,bovada,2023-10-03T16:15:19Z,player_rush_yds,44.5,2023-10-03T16:18:46
115303070d36ce1e366dc4a3091c53cd,2023-10-06T00:15:00Z,Washington Commanders,Chicago Bears,Under,Khalil Herbert,-115,bovada,2023-10-03T16:15:19Z,player_rush_yds,44.5,2023-10-03T16:18:46
115303070d36ce1e366dc4a3091c53cd,2023-10-06T00:15:00Z,Washington Commanders,Chicago Bears,Over,Sam Howell,-120,bovada,2023-10-03T16:15:19Z,player_rush_yds,12.5,2023-10-03T16:18:46
115303070d36ce1e366dc4a3091c53cd,2023-10-06T00:15:00Z,Washington Commanders,Chicago Bears,Under,Sam Howell,-110,bovada,2023-10-03T16:15:19Z,player_rush_yds,12.5,2023-10-03T16:18:46
115303070d36ce1e366dc4a3091c53cd,2023-10-06T00:15:00Z,Washington Commanders,Chicago Bears,Over,Sam Howell,-106,betrivers,2023-10-03T16:15:48Z,player_pass_tds,1.5,2023-10-03T16:18:46
115303070d36ce1e366dc4a3091c53cd,2023-10-06T00:15:00Z,Washington Commanders,Chicago Bears,Under,Sam Howell,-124,betrivers,2023-10-03T16:15:48Z,player_pass_tds,1.5,2023-10-03T16:18:46
115303070d36ce1e366dc4a3091c53cd,2023-10-06T00:15:00Z,Washington Commanders,Chicago Bears,Over,Justin Fields,195,betrivers,2023-10-03T16:15:48Z,player_pass_tds,1.5,2023-10-03T16:18:46
115303070d36ce1e366dc4a3091c53cd,2023-10-06T00:15:00Z,Washington Commanders,Chicago Bears,Under,Justin Fields,-275,betrivers,2023-10-03T16:15:48Z,player_pass_tds,1.5,2023-10-03T16:18:46
115303070d36ce1e366dc4a3091c53cd,2023-10-06T00:15:00Z,Washington Commanders,Chicago Bears,Over,Justin Fields,-114,betrivers,2023-10-03T16:15:48Z,player_pass_yds,197.5,2023-10-03T16:18:46
115303070d36ce1e366dc4a3091c53cd,2023-10-06T00:15:00Z,Washington Commanders,Chicago Bears,Under,Justin Fields,-114,betrivers,2023-10-03T16:15:48Z,player_pass_yds,197.5,2023-10-03T16:18:46
115303070d36ce1e366dc4a3091c53cd,2023-10-06T00:15:00Z,Washington Commanders,Chicago Bears,Over,Sam Howell,-113,betrivers,2023-10-03T16:15:48Z,player_pass_yds,238.5,2023-10-03T16:18:46
115303070d36ce1e366dc4a3091c53cd,2023-10-06T00:15:00Z,Washington Commanders,Chicago Bears,Under,Sam Howell,-115,betrivers,2023-10-03T16:15:48Z,player_pass_yds,238.5,2023-10-03T16:18:46
115303070d36ce1e366dc4a3091c53cd,2023-10-06T00:15:00Z,Washington Commanders,Chicago Bears,Over,D.J. Moore,-114,betrivers,2023-10-03T16:15:48Z,player_reception_yds,48.5,2023-10-03T16:18:46
115303070d36ce1e366dc4a3091c53cd,2023-10-06T00:15:00Z,Washington Commanders,Chicago Bears,Under,D.J. Moore,-114,betrivers,2023-10-03T16:15:48Z,player_reception_yds,48.5,2023-10-03T16:18:46
115303070d36ce1e366dc4a3091c53cd,2023-10-06T00:15:00Z,Washington Commanders,Chicago Bears,Over,Darnell Mooney,-118,betrivers,2023-10-03T16:15:48Z,player_reception_yds,30.5,2023-10-03T16:18:46
115303070d36ce1e366dc4a3091c53cd,2023-10-06T00:15:00Z,Washington Commanders,Chicago Bears,Under,Darnell Mooney,-110,betrivers,2023-10-03T16:15:48Z,player_reception_yds,30.5,2023-10-03T16:18:46
115303070d36ce1e366dc4a3091c53cd,2023-10-06T00:15:00Z,Washington Commanders,Chicago Bears,Over,Cole Kmet,-113,betrivers,2023-10-03T16:15:48Z,player_reception_yds,31.5,2023-10-03T16:18:46
115303070d36ce1e366dc4a3091c53cd,2023-10-06T00:15:00Z,Washington Commanders,Chicago Bears,Under,Cole Kmet,-115,betrivers,2023-10-03T16:15:48Z,player_reception_yds,31.5,2023-10-03T16:18:46
115303070d36ce1e366dc4a3091c53cd,2023-10-06T00:15:00Z,Washington Commanders,Chicago Bears,Over,Khalil Herbert,-112,betrivers,2023-10-03T16:15:48Z,player_reception_yds,11.5,2023-10-03T16:18:46
115303070d36ce1e366dc4a3091c53cd,2023-10-06T00:15:00Z,Washington Commanders,Chicago Bears,Under,Khalil Herbert,-117,betrivers,2023-10-03T16:15:48Z,player_reception_yds,11.5,2023-10-03T16:18:46
115303070d36ce1e366dc4a3091c53cd,2023-10-06T00:15:00Z,Washington Commanders,Chicago Bears,Over,Terry McLaurin,-114,betrivers,2023-10-03T16:15:48Z,player_reception_yds,60.5,2023-10-03T16:18:46
115303070d36ce1e366dc4a3091c53cd,2023-10-06T00:15:00Z,Washington Commanders,Chicago Bears,Under,Terry McLaurin,-114,betrivers,2023-10-03T16:15:48Z,player_reception_yds,60.5,2023-10-03T16:18:46
115303070d36ce1e366dc4a3091c53cd,2023-10-06T00:15:00Z,Washington Commanders,Chicago Bears,Over,Justin Fields,-115,betrivers,2023-10-03T16:15:48Z,player_rush_yds,47.5,2023-10-03T16:18:46
115303070d36ce1e366dc4a3091c53cd,2023-10-06T00:15:00Z,Washington Commanders,Chicago Bears,Under,Justin Fields,-113,betrivers,2023-10-03T16:15:48Z,player_rush_yds,47.5,2023-10-03T16:18:46
115303070d36ce1e366dc4a3091c53cd,2023-10-06T00:15:00Z,Washington Commanders,Chicago Bears,Over,Khalil Herbert,-110,betrivers,2023-10-03T16:15:48Z,player_rush_yds,43.5,2023-10-03T16:18:46
115303070d36ce1e366dc4a3091c53cd,2023-10-06T00:15:00Z,Washington Commanders,Chicago Bears,Under,Khalil Herbert,-118,betrivers,2023-10-03T16:15:48Z,player_rush_yds,43.5,2023-10-03T16:18:46
115303070d36ce1e366dc4a3091c53cd,2023-10-06T00:15:00Z,Washington Commanders,Chicago Bears,Over,Brian Robinson Jr.,-117,betrivers,2023-10-03T16:15:48Z,player_rush_yds,63.5,2023-10-03T16:18:46
115303070d36ce1e366dc4a3091c53cd,2023-10-06T00:15:00Z,Washington Commanders,Chicago Bears,Under,Brian Robinson Jr.,-112,betrivers,2023-10-03T16:15:48Z,player_rush_yds,63.5,2023-10-03T16:18:46
115303070d36ce1e366dc4a3091c53cd,2023-10-06T00:15:00Z,Washington Commanders,Chicago Bears,Over,Sam Howell,-121,betrivers,2023-10-03T16:15:48Z,player_rush_yds,12.5,2023-10-03T16:18:46
115303070d36ce1e366dc4a3091c53cd,2023-10-06T00:15:00Z,Washington Commanders,Chicago Bears,Under,Sam Howell,-108,betrivers,2023-10-03T16:15:48Z,player_rush_yds,12.5,2023-10-03T16:18:46
115303070d36ce1e366dc4a3091c53cd,2023-10-06T00:15:00Z,Washington Commanders,Chicago Bears,Over,Sam Howell,-106,unibet_us,2023-10-03T16:14:48Z,player_pass_tds,1.5,2023-10-03T16:18:46
115303070d36ce1e366dc4a3091c53cd,2023-10-06T00:15:00Z,Washington Commanders,Chicago Bears,Under,Sam Howell,-124,unibet_us,2023-10-03T16:14:48Z,player_pass_tds,1.5,2023-10-03T16:18:46
115303070d36ce1e366dc4a3091c53cd,2023-10-06T00:15:00Z,Washington Commanders,Chicago Bears,Over,Justin Fields,195,unibet_us,2023-10-03T16:14:48Z,player_pass_tds,1.5,2023-10-03T16:18:46
115303070d36ce1e366dc4a3091c53cd,2023-10-06T00:15:00Z,Washington Commanders,Chicago Bears,Under,Justin Fields,-275,unibet_us,2023-10-03T16:14:48Z,player_pass_tds,1.5,2023-10-03T16:18:46
115303070d36ce1e366dc4a3091c53cd,2023-10-06T00:15:00Z,Washington Commanders,Chicago Bears,Over,Justin Fields,-114,unibet_us,2023-10-03T16:14:48Z,player_pass_yds,197.5,2023-10-03T16:18:46
115303070d36ce1e366dc4a3091c53cd,2023-10-06T00:15:00Z,Washington Commanders,Chicago Bears,Under,Justin Fields,-114,unibet_us,2023-10-03T16:14:48Z,player_pass_yds,197.5,2023-10-03T16:18:46
115303070d36ce1e366dc4a3091c53cd,2023-10-06T00:15:00Z,Washington Commanders,Chicago Bears,Over,Sam Howell,-113,unibet_us,2023-10-03T16:14:48Z,player_pass_yds,238.5,2023-10-03T16:18:46
115303070d36ce1e366dc4a3091c53cd,2023-10-06T00:15:00Z,Washington Commanders,Chicago Bears,Under,Sam Howell,-115,unibet_us,2023-10-03T16:14:48Z,player_pass_yds,238.5,2023-10-03T16:18:46
115303070d36ce1e366dc4a3091c53cd,2023-10-06T00:15:00Z,Washington Commanders,Chicago Bears,Over,D.J. Moore,-114,unibet_us,2023-10-03T16:14:48Z,player_reception_yds,48.5,2023-10-03T16:18:46
115303070d36ce1e366dc4a3091c53cd,2023-10-06T00:15:00Z,Washington Commanders,Chicago Bears,Under,D.J. Moore,-114,unibet_us,2023-10-03T16:14:48Z,player_reception_yds,48.5,2023-10-03T16:18:46
115303070d36ce1e366dc4a3091c53cd,2023-10-06T00:15:00Z,Washington Commanders,Chicago Bears,Over,Darnell Mooney,-118,unibet_us,2023-10-03T16:14:48Z,player_reception_yds,30.5,2023-10-03T16:18:46
115303070d36ce1e366dc4a3091c53cd,2023-10-06T00:15:00Z,Washington Commanders,Chicago Bears,Under,Darnell Mooney,-110,unibet_us,2023-10-03T16:14:48Z,player_reception_yds,30.5,2023-10-03T16:18:46
115303070d36ce1e366dc4a3091c53cd,2023-10-06T00:15:00Z,Washington Commanders,Chicago Bears,Over,Cole Kmet,-113,unibet_us,2023-10-03T16:14:48Z,player_reception_yds,31.5,2023-10-03T16:18:46
115303070d36ce1e366dc4a3091c53cd,2023-10-06T00:15:00Z,Washington Commanders,Chicago Bears,Under,Cole Kmet,-115,unibet_us,2023-10-03T16:14:48Z,player_reception_yds,31.5,2023-10-03T16:18:46
115303070d36ce1e366dc4a3091c53cd,2023-10-06T00:15:00Z,Washington Commanders,Chicago Bears,Over,Khalil Herbert,-112,unibet_us,2023-10-03T16:14:48Z,player_reception_yds,11.5,2023-10-03T16:18:46
115303070d36ce1e366dc4a3091c53cd,2023-10-06T00:15:00Z,Washington Commanders,Chicago Bears,Under,Khalil Herbert,-117,unibet_us,2023-10-03T16:14:48Z,player_reception_yds,11.5,2023-10-03T16:18:46
115303070d36ce1e366dc4a3091c53cd,2023-10-06T00:15:00Z,Washington Commanders,Chicago Bears,Over,Terry McLaurin,-114,unibet_us,2023-10-03T16:14:48Z,player_reception_yds,60.5,2023-10-03T16:18:46
115303070d36ce1e366dc4a3091c53cd,2023-10-06T00:15:00Z,Washington Commanders,Chicago Bears,Under,Terry McLaurin,-114,unibet_us,2023-10-03T16:14:48Z,player_reception_yds,60.5,2023-10-03T16:18:46
115303070d36ce1e366dc4a3091c53cd,2023-10-06T00:15:00Z,Washington Commanders,Chicago Bears,Over,Justin Fields,-115,unibet_us,2023-10-03T16:14:48Z,player_rush_yds,47.5,2023-10-03T16:18:46
115303070d36ce1e366dc4a3091c53cd,2023-10-06T00:15:00Z,Washington Commanders,Chicago Bears,Under,Justin Fields,-113,unibet_us,2023-10-03T16:14:48Z,player_rush_yds,47.5,2023-10-03T16:18:46
115303070d36ce1e366dc4a3091c53cd,2023-10-06T00:15:00Z,Washington Commanders,Chicago Bears,Over,Khalil Herbert,-110,unibet_us,2023-10-03T16:14:48Z,player_rush_yds,43.5,2023-10-03T16:18:46
115303070d36ce1e366dc4a3091c53cd,2023-10-06T00:15:00Z,Washington Commanders,Chicago Bears,Under,Khalil Herbert,-118,unibet_us,2023-10-03T16:14:48Z,player_rush_yds,43.5,2023-10-03T16:18:46
115303070d36ce1e366dc4a3091c53cd,2023-10-06T00:15:00Z,Washington Commanders,Chicago Bears,Over,Brian Robinson Jr.,-117,unibet_us,2023-10-03T16:14:48Z,player_rush_yds,63.5,2023-10-03T16:18:46
115303070d36ce1e366dc4a3091c53cd,2023-10-06T00:15:00Z,Washington Commanders,Chicago Bears,Under,Brian Robinson Jr.,-112,unibet_us,2023-10-03T16:14:48Z,player_rush_yds,63.5,2023-10-03T16:18:46
115303070d36ce1e366dc4a3091c53cd,2023-10-06T00:15:00Z,Washington Commanders,Chicago Bears,Over,Sam Howell,-120,unibet_us,2023-10-03T16:14:48Z,player_rush_yds,12.5,2023-10-03T16:18:46
115303070d36ce1e366dc4a3091c53cd,2023-10-06T00:15:00Z,Washington Commanders,Chicago Bears,Under,Sam Howell,-109,unibet_us,2023-10-03T16:14:48Z,player_rush_yds,12.5,2023-10-03T16:18:46
115303070d36ce1e366dc4a3091c53cd,2023-10-06T00:15:00Z,Washington Commanders,Chicago Bears,Under,Justin Fields,-105,fliff,2023-10-03T16:16:25Z,player_pass_interceptions,0.5,2023-10-03T16:18:46
115303070d36ce1e366dc4a3091c53cd,2023-10-06T00:15:00Z,Washington Commanders,Chicago Bears,Over,Justin Fields,-135,fliff,2023-10-03T16:16:25Z,player_pass_interceptions,0.5,2023-10-03T16:18:46
115303070d36ce1e366dc4a3091c53cd,2023-10-06T00:15:00Z,Washington Commanders,Chicago Bears,Under,Sam Howell,-160,fliff,2023-10-03T16:16:25Z,player_pass_interceptions,0.5,2023-10-03T16:18:46
115303070d36ce1e366dc4a3091c53cd,2023-10-06T00:15:00Z,Washington Commanders,Chicago Bears,Over,Sam Howell,110,fliff,2023-10-03T16:16:25Z,player_pass_interceptions,0.5,2023-10-03T16:18:46
115303070d36ce1e366dc4a3091c53cd,2023-10-06T00:15:00Z,Washington Commanders,Chicago Bears,Under,Justin Fields,-295,fliff,2023-10-03T16:16:25Z,player_pass_tds,1.5,2023-10-03T16:18:46
115303070d36ce1e366dc4a3091c53cd,2023-10-06T00:15:00Z,Washington Commanders,Chicago Bears,Over,Justin Fields,190,fliff,2023-10-03T16:16:25Z,player_pass_tds,1.5,2023-10-03T16:18:46
115303070d36ce1e366dc4a3091c53cd,2023-10-06T00:15:00Z,Washington Commanders,Chicago Bears,Under,Sam Howell,-130,fliff,2023-10-03T16:16:25Z,player_pass_tds,1.5,2023-10-03T16:18:46
115303070d36ce1e366dc4a3091c53cd,2023-10-06T00:15:00Z,Washington Commanders,Chicago Bears,Over,Sam Howell,-115,fliff,2023-10-03T16:16:25Z,player_pass_tds,1.5,2023-10-03T16:18:46
115303070d36ce1e366dc4a3091c53cd,2023-10-06T00:15:00Z,Washington Commanders,Chicago Bears,Under,Justin Fields,-120,fliff,2023-10-03T16:16:25Z,player_pass_yds,196.5,2023-10-03T16:18:46
115303070d36ce1e366dc4a3091c53cd,2023-10-06T00:15:00Z,Washington Commanders,Chicago Bears,Over,Justin Fields,-120,fliff,2023-10-03T16:16:25Z,player_pass_yds,196.5,2023-10-03T16:18:46
115303070d36ce1e366dc4a3091c53cd,2023-10-06T00:15:00Z,Washington Commanders,Chicago Bears,Under,Sam Howell,-120,fliff,2023-10-03T16:16:25Z,player_pass_yds,236.5,2023-10-03T16:18:46
115303070d36ce1e366dc4a3091c53cd,2023-10-06T00:15:00Z,Washington Commanders,Chicago Bears,Over,Sam Howell,-120,fliff,2023-10-03T16:16:25Z,player_pass_yds,236.5,2023-10-03T16:18:46
115303070d36ce1e366dc4a3091c53cd,2023-10-06T00:15:00Z,Washington Commanders,Chicago Bears,Under,Antonio Gibson,-120,fliff,2023-10-03T16:16:25Z,player_reception_yds,13.5,2023-10-03T16:18:46
115303070d36ce1e366dc4a3091c53cd,2023-10-06T00:15:00Z,Washington Commanders,Chicago Bears,Over,Antonio Gibson,-120,fliff,2023-10-03T16:16:25Z,player_reception_yds,13.5,2023-10-03T16:18:46
115303070d36ce1e366dc4a3091c53cd,2023-10-06T00:15:00Z,Washington Commanders,Chicago Bears,Under,Brian Robinson Jr.,-120,fliff,2023-10-03T16:16:25Z,player_reception_yds,6.5,2023-10-03T16:18:46
115303070d36ce1e366dc4a3091c53cd,2023-10-06T00:15:00Z,Washington Commanders,Chicago Bears,Over,Brian Robinson Jr.,-125,fliff,2023-10-03T16:16:25Z,player_reception_yds,6.5,2023-10-03T16:18:46
115303070d36ce1e366dc4a3091c53cd,2023-10-06T00:15:00Z,Washington Commanders,Chicago Bears,Under,Cole Kmet,-120,fliff,2023-10-03T16:16:25Z,player_reception_yds,31.5,2023-10-03T16:18:46
115303070d36ce1e366dc4a3091c53cd,2023-10-06T00:15:00Z,Washington Commanders,Chicago Bears,Over,Cole Kmet,-120,fliff,2023-10-03T16:16:25Z,player_reception_yds,31.5,2023-10-03T16:18:46
115303070d36ce1e366dc4a3091c53cd,2023-10-06T00:15:00Z,Washington Commanders,Chicago Bears,Under,DJ Moore,-120,fliff,2023-10-03T16:16:25Z,player_reception_yds,49.5,2023-10-03T16:18:46
115303070d36ce1e366dc4a3091c53cd,2023-10-06T00:15:00Z,Washington Commanders,Chicago Bears,Over,DJ Moore,-120,fliff,2023-10-03T16:16:25Z,player_reception_yds,49.5,2023-10-03T16:18:46
115303070d36ce1e366dc4a3091c53cd,2023-10-06T00:15:00Z,Washington Commanders,Chicago Bears,Under,Darnell Mooney,-120,fliff,2023-10-03T16:16:25Z,player_reception_yds,32.5,2023-10-03T16:18:46
115303070d36ce1e366dc4a3091c53cd,2023-10-06T00:15:00Z,Washington Commanders,Chicago Bears,Over,Darnell Mooney,-120,fliff,2023-10-03T16:16:25Z,player_reception_yds,32.5,2023-10-03T16:18:46
115303070d36ce1e366dc4a3091c53cd,2023-10-06T00:15:00Z,Washington Commanders,Chicago Bears,Under,Khalil Herbert,-115,fliff,2023-10-03T16:16:25Z,player_reception_yds,11.5,2023-10-03T16:18:46
115303070d36ce1e366dc4a3091c53cd,2023-10-06T00:15:00Z,Washington Commanders,Chicago Bears,Over,Khalil Herbert,-125,fliff,2023-10-03T16:16:25Z,player_reception_yds,11.5,2023-10-03T16:18:46
115303070d36ce1e366dc4a3091c53cd,2023-10-06T00:15:00Z,Washington Commanders,Chicago Bears,Under,Terry McLaurin,-120,fliff,2023-10-03T16:16:25Z,player_reception_yds,61.5,2023-10-03T16:18:46
115303070d36ce1e366dc4a3091c53cd,2023-10-06T00:15:00Z,Washington Commanders,Chicago Bears,Over,Terry McLaurin,-120,fliff,2023-10-03T16:16:25Z,player_reception_yds,61.5,2023-10-03T16:18:46
115303070d36ce1e366dc4a3091c53cd,2023-10-06T00:15:00Z,Washington Commanders,Chicago Bears,Under,Cole Kmet,-175,fliff,2023-10-03T16:16:25Z,player_receptions,3.5,2023-10-03T16:18:46
115303070d36ce1e366dc4a3091c53cd,2023-10-06T00:15:00Z,Washington Commanders,Chicago Bears,Over,Cole Kmet,120,fliff,2023-10-03T16:16:25Z,player_receptions,3.5,2023-10-03T16:18:46
115303070d36ce1e366dc4a3091c53cd,2023-10-06T00:15:00Z,Washington Commanders,Chicago Bears,Under,DJ Moore,-115,fliff,2023-10-03T16:16:25Z,player_receptions,3.5,2023-10-03T16:18:46
115303070d36ce1e366dc4a3091c53cd,2023-10-06T00:15:00Z,Washington Commanders,Chicago Bears,Over,DJ Moore,-125,fliff,2023-10-03T16:16:25Z,player_receptions,3.5,2023-10-03T16:18:46
115303070d36ce1e366dc4a3091c53cd,2023-10-06T00:15:00Z,Washington Commanders,Chicago Bears,Under,Darnell Mooney,-105,fliff,2023-10-03T16:16:25Z,player_receptions,2.5,2023-10-03T16:18:46
115303070d36ce1e366dc4a3091c53cd,2023-10-06T00:15:00Z,Washington Commanders,Chicago Bears,Over,Darnell Mooney,-135,fliff,2023-10-03T16:16:25Z,player_receptions,2.5,2023-10-03T16:18:46
115303070d36ce1e366dc4a3091c53cd,2023-10-06T00:15:00Z,Washington Commanders,Chicago Bears,Under,Terry McLaurin,105,fliff,2023-10-03T16:16:25Z,player_receptions,4.5,2023-10-03T16:18:46
115303070d36ce1e366dc4a3091c53cd,2023-10-06T00:15:00Z,Washington Commanders,Chicago Bears,Over,Terry McLaurin,-150,fliff,2023-10-03T16:16:25Z,player_receptions,4.5,2023-10-03T16:18:46
115303070d36ce1e366dc4a3091c53cd,2023-10-06T00:15:00Z,Washington Commanders,Chicago Bears,Yes,Antonio Gibson,220,barstool,2023-10-03T16:16:05Z,player_anytime_td,,2023-10-03T16:18:46
115303070d36ce1e366dc4a3091c53cd,2023-10-06T00:15:00Z,Washington Commanders,Chicago Bears,No,Antonio Gibson,-320,barstool,2023-10-03T16:16:05Z,player_anytime_td,,2023-10-03T16:18:46
115303070d36ce1e366dc4a3091c53cd,2023-10-06T00:15:00Z,Washington Commanders,Chicago Bears,Yes,Brian Robinson Jr.,110,barstool,2023-10-03T16:16:05Z,player_anytime_td,,2023-10-03T16:18:46
115303070d36ce1e366dc4a3091c53cd,2023-10-06T00:15:00Z,Washington Commanders,Chicago Bears,No,Brian Robinson Jr.,-150,barstool,2023-10-03T16:16:05Z,player_anytime_td,,2023-10-03T16:18:46
115303070d36ce1e366dc4a3091c53cd,2023-10-06T00:15:00Z,Washington Commanders,Chicago Bears,Yes,Cole Kmet,315,barstool,2023-10-03T16:16:05Z,player_anytime_td,,2023-10-03T16:18:46
115303070d36ce1e366dc4a3091c53cd,2023-10-06T00:15:00Z,Washington Commanders,Chicago Bears,No,Cole Kmet,-500,barstool,2023-10-03T16:16:05Z,player_anytime_td,,2023-10-03T16:18:46
115303070d36ce1e366dc4a3091c53cd,2023-10-06T00:15:00Z,Washington Commanders,Chicago Bears,Yes,Cole Turner,1000,barstool,2023-10-03T16:16:05Z,player_anytime_td,,2023-10-03T16:18:46
115303070d36ce1e366dc4a3091c53cd,2023-10-06T00:15:00Z,Washington Commanders,Chicago Bears,No,Cole Turner,-4000,barstool,2023-10-03T16:16:05Z,player_anytime_td,,2023-10-03T16:18:46
115303070d36ce1e366dc4a3091c53cd,2023-10-06T00:15:00Z,Washington Commanders,Chicago Bears,Yes,Curtis Samuel,240,barstool,2023-10-03T16:16:05Z,player_anytime_td,,2023-10-03T16:18:46
115303070d36ce1e366dc4a3091c53cd,2023-10-06T00:15:00Z,Washington Commanders,Chicago Bears,No,Curtis Samuel,-350,barstool,2023-10-03T16:16:05Z,player_anytime_td,,2023-10-03T16:18:46
115303070d36ce1e366dc4a3091c53cd,2023-10-06T00:15:00Z,Washington Commanders,Chicago Bears,Yes,DJ Moore,240,barstool,2023-10-03T16:16:05Z,player_anytime_td,,2023-10-03T16:18:46
115303070d36ce1e366dc4a3091c53cd,2023-10-06T00:15:00Z,Washington Commanders,Chicago Bears,No,DJ Moore,-350,barstool,2023-10-03T16:16:05Z,player_anytime_td,,2023-10-03T16:18:46
115303070d36ce1e366dc4a3091c53cd,2023-10-06T00:15:00Z,Washington Commanders,Chicago Bears,Yes,Darnell Mooney,375,barstool,2023-10-03T16:16:05Z,player_anytime_td,,2023-10-03T16:18:46
115303070d36ce1e366dc4a3091c53cd,2023-10-06T00:15:00Z,Washington Commanders,Chicago Bears,No,Darnell Mooney,-650,barstool,2023-10-03T16:16:05Z,player_anytime_td,,2023-10-03T16:18:46
115303070d36ce1e366dc4a3091c53cd,2023-10-06T00:15:00Z,Washington Commanders,Chicago Bears,Yes,Equanimeous St. Brown,700,barstool,2023-10-03T16:16:05Z,player_anytime_td,,2023-10-03T16:18:46
115303070d36ce1e366dc4a3091c53cd,2023-10-06T00:15:00Z,Washington Commanders,Chicago Bears,No,Equanimeous St. Brown,-1700,barstool,2023-10-03T16:16:05Z,player_anytime_td,,2023-10-03T16:18:46
115303070d36ce1e366dc4a3091c53cd,2023-10-06T00:15:00Z,Washington Commanders,Chicago Bears,Yes,Jahan Dotson,230,barstool,2023-10-03T16:16:05Z,player_anytime_td,,2023-10-03T16:18:46
115303070d36ce1e366dc4a3091c53cd,2023-10-06T00:15:00Z,Washington Commanders,Chicago Bears,No,Jahan Dotson,-340,barstool,2023-10-03T16:16:05Z,player_anytime_td,,2023-10-03T16:18:46
115303070d36ce1e366dc4a3091c53cd,2023-10-06T00:15:00Z,Washington Commanders,Chicago Bears,Yes,John Bates,750,barstool,2023-10-03T16:16:05Z,player_anytime_td,,2023-10-03T16:18:46
115303070d36ce1e366dc4a3091c53cd,2023-10-06T00:15:00Z,Washington Commanders,Chicago Bears,No,John Bates,-2000,barstool,2023-10-03T16:16:05Z,player_anytime_td,,2023-10-03T16:18:46
115303070d36ce1e366dc4a3091c53cd,2023-10-06T00:15:00Z,Washington Commanders,Chicago Bears,Over,Sam Howell,110,barstool,2023-10-03T16:16:05Z,player_pass_interceptions,0.5,2023-10-03T16:18:46
115303070d36ce1e366dc4a3091c53cd,2023-10-06T00:15:00Z,Washington Commanders,Chicago Bears,Under,Sam Howell,-150,barstool,2023-10-03T16:16:05Z,player_pass_interceptions,0.5,2023-10-03T16:18:46
115303070d36ce1e366dc4a3091c53cd,2023-10-06T00:15:00Z,Washington Commanders,Chicago Bears,Over,Justin Fields,-134,barstool,2023-10-03T16:16:05Z,player_pass_interceptions,0.5,2023-10-03T16:18:46
115303070d36ce1e366dc4a3091c53cd,2023-10-06T00:15:00Z,Washington Commanders,Chicago Bears,Under,Justin Fields,-102,barstool,2023-10-03T16:16:05Z,player_pass_interceptions,0.5,2023-10-03T16:18:46
115303070d36ce1e366dc4a3091c53cd,2023-10-06T00:15:00Z,Washington Commanders,Chicago Bears,Over,Sam Howell,-110,barstool,2023-10-03T16:16:05Z,player_pass_tds,1.5,2023-10-03T16:18:46
115303070d36ce1e366dc4a3091c53cd,2023-10-06T00:15:00Z,Washington Commanders,Chicago Bears,Under,Sam Howell,-120,barstool,2023-10-03T16:16:05Z,player_pass_tds,1.5,2023-10-03T16:18:46
115303070d36ce1e366dc4a3091c53cd,2023-10-06T00:15:00Z,Washington Commanders,Chicago Bears,Over,Justin Fields,200,barstool,2023-10-03T16:16:05Z,player_pass_tds,1.5,2023-10-03T16:18:46
115303070d36ce1e366dc4a3091c53cd,2023-10-06T00:15:00Z,Washington Commanders,Chicago Bears,Under,Justin Fields,-280,barstool,2023-10-03T16:16:05Z,player_pass_tds,1.5,2023-10-03T16:18:46
115303070d36ce1e366dc4a3091c53cd,2023-10-06T00:15:00Z,Washington Commanders,Chicago Bears,Over,Sam Howell,-118,barstool,2023-10-03T16:16:05Z,player_pass_yds,236.5,2023-10-03T16:18:46
115303070d36ce1e366dc4a3091c53cd,2023-10-06T00:15:00Z,Washington Commanders,Chicago Bears,Under,Sam Howell,-118,barstool,2023-10-03T16:16:05Z,player_pass_yds,236.5,2023-10-03T16:18:46
115303070d36ce1e366dc4a3091c53cd,2023-10-06T00:15:00Z,Washington Commanders,Chicago Bears,Over,Justin Fields,-118,barstool,2023-10-03T16:16:05Z,player_pass_yds,196.5,2023-10-03T16:18:46
115303070d36ce1e366dc4a3091c53cd,2023-10-06T00:15:00Z,Washington Commanders,Chicago Bears,Under,Justin Fields,-118,barstool,2023-10-03T16:16:05Z,player_pass_yds,196.5,2023-10-03T16:18:46
115303070d36ce1e366dc4a3091c53cd,2023-10-06T00:15:00Z,Washington Commanders,Chicago Bears,Over,Terry McLaurin,-114,barstool,2023-10-03T16:16:05Z,player_reception_yds,61.5,2023-10-03T16:18:46
115303070d36ce1e366dc4a3091c53cd,2023-10-06T00:15:00Z,Washington Commanders,Chicago Bears,Under,Terry McLaurin,-122,barstool,2023-10-03T16:16:05Z,player_reception_yds,61.5,2023-10-03T16:18:46
115303070d36ce1e366dc4a3091c53cd,2023-10-06T00:15:00Z,Washington Commanders,Chicago Bears,Over,DJ Moore,-118,barstool,2023-10-03T16:16:05Z,player_reception_yds,49.5,2023-10-03T16:18:46
115303070d36ce1e366dc4a3091c53cd,2023-10-06T00:15:00Z,Washington Commanders,Chicago Bears,Under,DJ Moore,-118,barstool,2023-10-03T16:16:05Z,player_reception_yds,49.5,2023-10-03T16:18:46
115303070d36ce1e366dc4a3091c53cd,2023-10-06T00:15:00Z,Washington Commanders,Chicago Bears,Over,Darnell Mooney,-118,barstool,2023-10-03T16:16:05Z,player_reception_yds,32.5,2023-10-03T16:18:46
115303070d36ce1e366dc4a3091c53cd,2023-10-06T00:15:00Z,Washington Commanders,Chicago Bears,Under,Darnell Mooney,-118,barstool,2023-10-03T16:16:05Z,player_reception_yds,32.5,2023-10-03T16:18:46
115303070d36ce1e366dc4a3091c53cd,2023-10-06T00:15:00Z,Washington Commanders,Chicago Bears,Over,Cole Kmet,-118,barstool,2023-10-03T16:16:05Z,player_reception_yds,31.5,2023-10-03T16:18:46
115303070d36ce1e366dc4a3091c53cd,2023-10-06T00:15:00Z,Washington Commanders,Chicago Bears,Under,Cole Kmet,-118,barstool,2023-10-03T16:16:05Z,player_reception_yds,31.5,2023-10-03T16:18:46
115303070d36ce1e366dc4a3091c53cd,2023-10-06T00:15:00Z,Washington Commanders,Chicago Bears,Over,Antonio Gibson,-118,barstool,2023-10-03T16:16:05Z,player_reception_yds,13.5,2023-10-03T16:18:46
115303070d36ce1e366dc4a3091c53cd,2023-10-06T00:15:00Z,Washington Commanders,Chicago Bears,Under,Antonio Gibson,-118,barstool,2023-10-03T16:16:05Z,player_reception_yds,13.5,2023-10-03T16:18:46
115303070d36ce1e366dc4a3091c53cd,2023-10-06T00:15:00Z,Washington Commanders,Chicago Bears,Over,Khalil Herbert,-122,barstool,2023-10-03T16:16:05Z,player_reception_yds,11.5,2023-10-03T16:18:46
115303070d36ce1e366dc4a3091c53cd,2023-10-06T00:15:00Z,Washington Commanders,Chicago Bears,Under,Khalil Herbert,-114,barstool,2023-10-03T16:16:05Z,player_reception_yds,11.5,2023-10-03T16:18:46
115303070d36ce1e366dc4a3091c53cd,2023-10-06T00:15:00Z,Washington Commanders,Chicago Bears,Over,Terry McLaurin,-145,barstool,2023-10-03T16:16:05Z,player_receptions,4.5,2023-10-03T16:18:46
115303070d36ce1e366dc4a3091c53cd,2023-10-06T00:15:00Z,Washington Commanders,Chicago Bears,Under,Terry McLaurin,107,barstool,2023-10-03T16:16:05Z,player_receptions,4.5,2023-10-03T16:18:46
115303070d36ce1e366dc4a3091c53cd,2023-10-06T00:15:00Z,Washington Commanders,Chicago Bears,Over,DJ Moore,-122,barstool,2023-10-03T16:16:05Z,player_receptions,3.5,2023-10-03T16:18:46
115303070d36ce1e366dc4a3091c53cd,2023-10-06T00:15:00Z,Washington Commanders,Chicago Bears,Under,DJ Moore,-114,barstool,2023-10-03T16:16:05Z,player_receptions,3.5,2023-10-03T16:18:46
115303070d36ce1e366dc4a3091c53cd,2023-10-06T00:15:00Z,Washington Commanders,Chicago Bears,Over,Darnell Mooney,-134,barstool,2023-10-03T16:16:05Z,player_receptions,2.5,2023-10-03T16:18:46
115303070d36ce1e366dc4a3091c53cd,2023-10-06T00:15:00Z,Washington Commanders,Chicago Bears,Under,Darnell Mooney,-102,barstool,2023-10-03T16:16:05Z,player_receptions,2.5,2023-10-03T16:18:46
115303070d36ce1e366dc4a3091c53cd,2023-10-06T00:15:00Z,Washington Commanders,Chicago Bears,Over,Brian Robinson Jr.,-118,barstool,2023-10-03T16:16:05Z,player_rush_yds,62.5,2023-10-03T16:18:46
115303070d36ce1e366dc4a3091c53cd,2023-10-06T00:15:00Z,Washington Commanders,Chicago Bears,Under,Brian Robinson Jr.,-118,barstool,2023-10-03T16:16:05Z,player_rush_yds,62.5,2023-10-03T16:18:46
115303070d36ce1e366dc4a3091c53cd,2023-10-06T00:15:00Z,Washington Commanders,Chicago Bears,Over,Justin Fields,-114,barstool,2023-10-03T16:16:05Z,player_rush_yds,48.5,2023-10-03T16:18:46
115303070d36ce1e366dc4a3091c53cd,2023-10-06T00:15:00Z,Washington Commanders,Chicago Bears,Under,Justin Fields,-122,barstool,2023-10-03T16:16:05Z,player_rush_yds,48.5,2023-10-03T16:18:46
115303070d36ce1e366dc4a3091c53cd,2023-10-06T00:15:00Z,Washington Commanders,Chicago Bears,Over,Khalil Herbert,-118,barstool,2023-10-03T16:16:05Z,player_rush_yds,44.5,2023-10-03T16:18:46
115303070d36ce1e366dc4a3091c53cd,2023-10-06T00:15:00Z,Washington Commanders,Chicago Bears,Under,Khalil Herbert,-118,barstool,2023-10-03T16:16:05Z,player_rush_yds,44.5,2023-10-03T16:18:46
115303070d36ce1e366dc4a3091c53cd,2023-10-06T00:15:00Z,Washington Commanders,Chicago Bears,Over,Antonio Gibson,-118,barstool,2023-10-03T16:16:05Z,player_rush_yds,22.5,2023-10-03T16:18:46
115303070d36ce1e366dc4a3091c53cd,2023-10-06T00:15:00Z,Washington Commanders,Chicago Bears,Under,Antonio Gibson,-118,barstool,2023-10-03T16:16:05Z,player_rush_yds,22.5,2023-10-03T16:18:46
115303070d36ce1e366dc4a3091c53cd,2023-10-06T00:15:00Z,Washington Commanders,Chicago Bears,Over,Sam Howell,-122,barstool,2023-10-03T16:16:05Z,player_rush_yds,12.5,2023-10-03T16:18:46
115303070d36ce1e366dc4a3091c53cd,2023-10-06T00:15:00Z,Washington Commanders,Chicago Bears,Under,Sam Howell,-114,barstool,2023-10-03T16:16:05Z,player_rush_yds,12.5,2023-10-03T16:18:46
115303070d36ce1e366dc4a3091c53cd,2023-10-06T00:15:00Z,Washington Commanders,Chicago Bears,Over,Sam Howell,115,betmgm,2023-10-03T16:15:08Z,player_pass_interceptions,0.5,2023-10-03T16:18:46
115303070d36ce1e366dc4a3091c53cd,2023-10-06T00:15:00Z,Washington Commanders,Chicago Bears,Under,Sam Howell,-150,betmgm,2023-10-03T16:15:08Z,player_pass_interceptions,0.5,2023-10-03T16:18:46
115303070d36ce1e366dc4a3091c53cd,2023-10-06T00:15:00Z,Washington Commanders,Chicago Bears,Over,Justin Fields,-130,betmgm,2023-10-03T16:15:08Z,player_pass_interceptions,0.5,2023-10-03T16:18:46
115303070d36ce1e366dc4a3091c53cd,2023-10-06T00:15:00Z,Washington Commanders,Chicago Bears,Under,Justin Fields,100,betmgm,2023-10-03T16:15:08Z,player_pass_interceptions,0.5,2023-10-03T16:18:46
115303070d36ce1e366dc4a3091c53cd,2023-10-06T00:15:00Z,Washington Commanders,Chicago Bears,Over,Justin Fields,-115,betmgm,2023-10-03T16:15:08Z,player_pass_yds,196.5,2023-10-03T16:18:46
115303070d36ce1e366dc4a3091c53cd,2023-10-06T00:15:00Z,Washington Commanders,Chicago Bears,Under,Justin Fields,-115,betmgm,2023-10-03T16:15:08Z,player_pass_yds,196.5,2023-10-03T16:18:46
115303070d36ce1e366dc4a3091c53cd,2023-10-06T00:15:00Z,Washington Commanders,Chicago Bears,Over,Sam Howell,-115,betmgm,2023-10-03T16:15:08Z,player_pass_yds,236.5,2023-10-03T16:18:46
115303070d36ce1e366dc4a3091c53cd,2023-10-06T00:15:00Z,Washington Commanders,Chicago Bears,Under,Sam Howell,-115,betmgm,2023-10-03T16:15:08Z,player_pass_yds,236.5,2023-10-03T16:18:46
115303070d36ce1e366dc4a3091c53cd,2023-10-06T00:15:00Z,Washington Commanders,Chicago Bears,Over,Brian Robinson Jr,-120,betmgm,2023-10-03T16:15:08Z,player_rush_yds,62.5,2023-10-03T16:18:46
115303070d36ce1e366dc4a3091c53cd,2023-10-06T00:15:00Z,Washington Commanders,Chicago Bears,Under,Brian Robinson Jr,-115,betmgm,2023-10-03T16:15:08Z,player_rush_yds,62.5,2023-10-03T16:18:46
115303070d36ce1e366dc4a3091c53cd,2023-10-06T00:15:00Z,Washington Commanders,Chicago Bears,Over,Antonio Gibson,-115,betmgm,2023-10-03T16:15:08Z,player_rush_yds,22.5,2023-10-03T16:18:46
115303070d36ce1e366dc4a3091c53cd,2023-10-06T00:15:00Z,Washington Commanders,Chicago Bears,Under,Antonio Gibson,-115,betmgm,2023-10-03T16:15:08Z,player_rush_yds,22.5,2023-10-03T16:18:46
fdb93b64c39ea4a4312ffe74788b551b,2023-10-08T13:30:00Z,Buffalo Bills,Jacksonville Jaguars,Over,Trevor Lawrence,106,fanduel,2023-10-03T16:17:17Z,player_pass_tds,1.5,2023-10-03T16:18:46
fdb93b64c39ea4a4312ffe74788b551b,2023-10-08T13:30:00Z,Buffalo Bills,Jacksonville Jaguars,Under,Trevor Lawrence,-140,fanduel,2023-10-03T16:17:17Z,player_pass_tds,1.5,2023-10-03T16:18:46
fdb93b64c39ea4a4312ffe74788b551b,2023-10-08T13:30:00Z,Buffalo Bills,Jacksonville Jaguars,Over,Josh Allen,-172,fanduel,2023-10-03T16:17:17Z,player_pass_tds,1.5,2023-10-03T16:18:46
fdb93b64c39ea4a4312ffe74788b551b,2023-10-08T13:30:00Z,Buffalo Bills,Jacksonville Jaguars,Under,Josh Allen,128,fanduel,2023-10-03T16:17:17Z,player_pass_tds,1.5,2023-10-03T16:18:46
fdb93b64c39ea4a4312ffe74788b551b,2023-10-08T13:30:00Z,Buffalo Bills,Jacksonville Jaguars,Over,Trevor Lawrence,-114,fanduel,2023-10-03T16:17:17Z,player_pass_yds,249.5,2023-10-03T16:18:46
fdb93b64c39ea4a4312ffe74788b551b,2023-10-08T13:30:00Z,Buffalo Bills,Jacksonville Jaguars,Under,Trevor Lawrence,-114,fanduel,2023-10-03T16:17:17Z,player_pass_yds,249.5,2023-10-03T16:18:46
fdb93b64c39ea4a4312ffe74788b551b,2023-10-08T13:30:00Z,Buffalo Bills,Jacksonville Jaguars,Over,Josh Allen,-114,fanduel,2023-10-03T16:17:17Z,player_pass_yds,259.5,2023-10-03T16:18:46
fdb93b64c39ea4a4312ffe74788b551b,2023-10-08T13:30:00Z,Buffalo Bills,Jacksonville Jaguars,Under,Josh Allen,-114,fanduel,2023-10-03T16:17:17Z,player_pass_yds,259.5,2023-10-03T16:18:46
